{"cameraMode":{"drawMode":0,"name":"Shaded","section":"Shading Mode"},"sceneLighting":false,"audioPlay":false,"sceneViewState":{"m_AlwaysRefresh":false,"showFog":true,"showSkybox":false,"showFlares":true,"showImageEffects":true,"showParticleSystems":true,"showVisualEffectGraphs":true,"m_FxEnabled":true},"in2DMode":false,"pivot":{"x":-0.02414080500602722,"y":0.21745426952838899,"z":0.01471981406211853},"rotation":{"x":0.13245171308517457,"y":-0.4029219150543213,"z":0.058977313339710239,"w":0.9036851525306702},"size":0.6708897948265076,"orthographic":true}