{"cameraMode":{"drawMode":0,"name":"Shaded","section":"Shading Mode"},"sceneLighting":true,"audioPlay":false,"sceneViewState":{"m_AlwaysRefresh":false,"showFog":true,"showSkybox":true,"showFlares":true,"showImageEffects":true,"showParticleSystems":true,"showVisualEffectGraphs":true,"m_FxEnabled":false},"in2DMode":false,"pivot":{"x":83.31271362304688,"y":3.739490509033203,"z":11.787489891052246},"rotation":{"x":0.24587884545326234,"y":-0.34495410323143008,"z":0.08344562351703644,"w":0.9020032286643982},"size":6.135854721069336,"orthographic":true}