{"cameraMode":{"drawMode":0,"name":"Shaded","section":"Shading Mode"},"sceneLighting":true,"audioPlay":false,"sceneViewState":{"m_AlwaysRefresh":false,"showFog":true,"showSkybox":true,"showFlares":true,"showImageEffects":true,"showParticleSystems":true,"showVisualEffectGraphs":true,"m_FxEnabled":false},"in2DMode":false,"pivot":{"x":75.73269653320313,"y":3.422360420227051,"z":12.220296859741211},"rotation":{"x":0.3760639727115631,"y":-0.04363999143242836,"z":0.007331157103180885,"w":0.9256025552749634},"size":11.551257133483887,"orthographic":true}