{"cameraMode":{"drawMode":0,"name":"Shaded","section":"Shading Mode"},"sceneLighting":true,"audioPlay":false,"sceneViewState":{"m_AlwaysRefresh":false,"showFog":true,"showSkybox":true,"showFlares":true,"showImageEffects":true,"showParticleSystems":true,"showVisualEffectGraphs":true,"m_FxEnabled":false},"in2DMode":false,"pivot":{"x":73.83399963378906,"y":6.600000381469727,"z":12.989999771118164},"rotation":{"x":0.47645121812820437,"y":-0.08456697314977646,"z":0.03513610363006592,"w":0.8744713068008423},"size":12.12435531616211,"orthographic":true}