{"cameraMode":{"drawMode":0,"name":"Shaded","section":"Shading Mode"},"sceneLighting":false,"audioPlay":false,"sceneViewState":{"m_AlwaysRefresh":false,"showFog":true,"showSkybox":false,"showFlares":true,"showImageEffects":true,"showParticleSystems":true,"showVisualEffectGraphs":true,"m_FxEnabled":true},"in2DMode":false,"pivot":{"x":-0.0392797589302063,"y":0.09078627824783325,"z":0.1512870192527771},"rotation":{"x":0.11496027559041977,"y":0.6985156536102295,"z":-0.11523544788360596,"w":0.6968362927436829},"size":11.87238883972168,"orthographic":true}