{"cameraMode":{"drawMode":0,"name":"Shaded","section":"Shading Mode"},"sceneLighting":false,"audioPlay":true,"sceneViewState":{"m_AlwaysRefresh":false,"showFog":true,"showSkybox":false,"showFlares":true,"showImageEffects":true,"showParticleSystems":true,"showVisualEffectGraphs":true,"m_FxEnabled":false},"in2DMode":false,"pivot":{"x":84.78646850585938,"y":1.6903083324432374,"z":16.373258590698243},"rotation":{"x":-0.3631202280521393,"y":0.22673219442367555,"z":-0.08124344795942307,"w":-0.9005647897720337},"size":2.2612547874450685,"orthographic":true}