{"cameraMode":{"drawMode":0,"name":"Shaded","section":"Shading Mode"},"sceneLighting":false,"audioPlay":false,"sceneViewState":{"m_AlwaysRefresh":false,"showFog":true,"showSkybox":false,"showFlares":true,"showImageEffects":true,"showParticleSystems":true,"showVisualEffectGraphs":true,"m_FxEnabled":true},"in2DMode":false,"pivot":{"x":-0.0392797589302063,"y":0.09078627824783325,"z":0.1512870192527771},"rotation":{"x":0.17832720279693604,"y":-0.3493797481060028,"z":0.06791743636131287,"w":0.9173442125320435},"size":0.9813501834869385,"orthographic":true}