{"cameraMode":{"drawMode":0,"name":"Shaded","section":"Shading Mode"},"sceneLighting":false,"audioPlay":false,"sceneViewState":{"m_AlwaysRefresh":false,"showFog":true,"showSkybox":false,"showFlares":true,"showImageEffects":true,"showParticleSystems":true,"showVisualEffectGraphs":true,"m_FxEnabled":true},"in2DMode":false,"pivot":{"x":46.19043731689453,"y":0.38831475377082827,"z":41.02412414550781},"rotation":{"x":-0.0013182233087718487,"y":0.9891749620437622,"z":-0.1464652121067047,"w":-0.00890281517058611},"size":0.8035467267036438,"orthographic":false}