{"cameraMode":{"drawMode":0,"name":"Shaded","section":"Shading Mode"},"sceneLighting":false,"audioPlay":false,"sceneViewState":{"m_AlwaysRefresh":false,"showFog":true,"showSkybox":false,"showFlares":true,"showImageEffects":true,"showParticleSystems":true,"showVisualEffectGraphs":true,"m_FxEnabled":true},"in2DMode":false,"pivot":{"x":0.22985327243804933,"y":0.7681173086166382,"z":0.03339838981628418},"rotation":{"x":0.18331556022167207,"y":-0.0383283756673336,"z":0.007152935955673456,"w":0.9822806119918823},"size":2.101135015487671,"orthographic":true}