{"cameraMode":{"drawMode":0,"name":"Shaded","section":"Shading Mode"},"sceneLighting":false,"audioPlay":false,"sceneViewState":{"m_AlwaysRefresh":false,"showFog":true,"showSkybox":false,"showFlares":true,"showImageEffects":true,"showParticleSystems":true,"showVisualEffectGraphs":true,"m_FxEnabled":true},"in2DMode":false,"pivot":{"x":75.4544677734375,"y":2.804158926010132,"z":13.099748611450196},"rotation":{"x":0.19654780626296998,"y":-0.03970200940966606,"z":0.007954488508403302,"w":0.9796578884124756},"size":1.3489900827407838,"orthographic":true}