{"cameraMode":{"drawMode":0,"name":"Shaded","section":"Shading Mode"},"sceneLighting":false,"audioPlay":true,"sceneViewState":{"m_AlwaysRefresh":false,"showFog":true,"showSkybox":false,"showFlares":true,"showImageEffects":true,"showParticleSystems":true,"showVisualEffectGraphs":true,"m_FxEnabled":false},"in2DMode":false,"pivot":{"x":82.0280990600586,"y":0.15503333508968354,"z":12.742989540100098},"rotation":{"x":-0.5216495990753174,"y":0.12556573748588563,"z":-0.06702261418104172,"w":-0.8417272567749023},"size":0.4717792272567749,"orthographic":true}