{"cameraMode":{"drawMode":0,"name":"Shaded","section":"Shading Mode"},"sceneLighting":false,"audioPlay":true,"sceneViewState":{"m_AlwaysRefresh":false,"showFog":true,"showSkybox":false,"showFlares":true,"showImageEffects":true,"showParticleSystems":true,"showVisualEffectGraphs":true,"m_FxEnabled":false},"in2DMode":false,"pivot":{"x":70.46837615966797,"y":0.28379055857658389,"z":14.802925109863282},"rotation":{"x":-0.3631202280521393,"y":0.22673219442367555,"z":-0.08124344795942307,"w":-0.9005647897720337},"size":1.0334408283233643,"orthographic":true}