{"cameraMode":{"drawMode":0,"name":"Shaded","section":"Shading Mode"},"sceneLighting":false,"audioPlay":false,"sceneViewState":{"m_AlwaysRefresh":false,"showFog":true,"showSkybox":false,"showFlares":true,"showImageEffects":true,"showParticleSystems":true,"showVisualEffectGraphs":true,"m_FxEnabled":true},"in2DMode":false,"pivot":{"x":77.41410827636719,"y":0.9449708461761475,"z":16.131607055664064},"rotation":{"x":0.08288966864347458,"y":-0.2397388070821762,"z":0.020536385476589204,"w":0.9670789241790772},"size":1.2611072063446046,"orthographic":true}