{"cameraMode":{"drawMode":0,"name":"Shaded","section":"Shading Mode"},"sceneLighting":false,"audioPlay":true,"sceneViewState":{"m_AlwaysRefresh":false,"showFog":true,"showSkybox":false,"showFlares":true,"showImageEffects":true,"showParticleSystems":true,"showVisualEffectGraphs":true,"m_FxEnabled":false},"in2DMode":false,"pivot":{"x":-2.017256259918213,"y":1.6277216672897339,"z":-0.014387786388397217},"rotation":{"x":-0.3631202280521393,"y":0.22673219442367555,"z":-0.08124344795942307,"w":-0.9005647897720337},"size":1.5530962944030762,"orthographic":true}