{"cameraMode":{"drawMode":0,"name":"Shaded","section":"Shading Mode"},"sceneLighting":false,"audioPlay":false,"sceneViewState":{"m_AlwaysRefresh":false,"showFog":true,"showSkybox":false,"showFlares":true,"showImageEffects":true,"showParticleSystems":true,"showVisualEffectGraphs":true,"m_FxEnabled":true},"in2DMode":false,"pivot":{"x":-0.0392797589302063,"y":0.09078627824783325,"z":0.1512870192527771},"rotation":{"x":0.2388032078742981,"y":-0.0532970055937767,"z":0.013056006282567978,"w":0.9695164561271668},"size":0.7796972393989563,"orthographic":true}