{"cameraMode":{"drawMode":0,"name":"Shaded","section":"Shading Mode"},"sceneLighting":false,"audioPlay":false,"sceneViewState":{"m_AlwaysRefresh":false,"showFog":true,"showSkybox":false,"showFlares":true,"showImageEffects":true,"showParticleSystems":true,"showVisualEffectGraphs":true,"m_FxEnabled":true},"in2DMode":false,"pivot":{"x":0.24726846814155579,"y":-0.32766103744506838,"z":1.789048194885254},"rotation":{"x":0.2388032078742981,"y":-0.0532970055937767,"z":0.013056006282567978,"w":0.9695164561271668},"size":1.6287219524383546,"orthographic":true}