{"cameraMode":{"drawMode":0,"name":"Shaded","section":"Shading Mode"},"sceneLighting":false,"audioPlay":false,"sceneViewState":{"m_AlwaysRefresh":false,"showFog":true,"showSkybox":false,"showFlares":true,"showImageEffects":true,"showParticleSystems":true,"showVisualEffectGraphs":true,"m_FxEnabled":true},"in2DMode":false,"pivot":{"x":1.4901161193847657e-8,"y":0.2805370092391968,"z":-1.4901161193847657e-8},"rotation":{"x":-0.369732141494751,"y":0.08569063246250153,"z":-0.03421807289123535,"w":-0.9245782494544983},"size":0.39673924446105959,"orthographic":true}