{"cameraMode":{"drawMode":0,"name":"Shaded","section":"Shading Mode"},"sceneLighting":false,"audioPlay":true,"sceneViewState":{"m_AlwaysRefresh":false,"showFog":true,"showSkybox":false,"showFlares":true,"showImageEffects":true,"showParticleSystems":true,"showVisualEffectGraphs":true,"m_FxEnabled":false},"in2DMode":false,"pivot":{"x":75.86382293701172,"y":0.25711512565612795,"z":15.374007225036621},"rotation":{"x":-0.22652442753314973,"y":0.38047733902931216,"z":-0.08610983192920685,"w":-0.8929678797721863},"size":0.7858151793479919,"orthographic":true}