{"cameraMode":{"drawMode":0,"name":"Shaded","section":"Shading Mode"},"sceneLighting":false,"audioPlay":true,"sceneViewState":{"m_AlwaysRefresh":false,"showFog":true,"showSkybox":false,"showFlares":true,"showImageEffects":true,"showParticleSystems":true,"showVisualEffectGraphs":true,"m_FxEnabled":false},"in2DMode":false,"pivot":{"x":73.37679290771485,"y":0.4413413405418396,"z":12.795371055603028},"rotation":{"x":-0.3631202280521393,"y":0.22673219442367555,"z":-0.08124344795942307,"w":-0.9005647897720337},"size":0.7413583993911743,"orthographic":true}