{"cameraMode":{"drawMode":0,"name":"Shaded","section":"Shading Mode"},"sceneLighting":false,"audioPlay":true,"sceneViewState":{"m_AlwaysRefresh":false,"showFog":true,"showSkybox":false,"showFlares":true,"showImageEffects":true,"showParticleSystems":true,"showVisualEffectGraphs":true,"m_FxEnabled":false},"in2DMode":false,"pivot":{"x":-0.02414080500602722,"y":0.21745426952838899,"z":0.01471981406211853},"rotation":{"x":-0.21403062343597413,"y":0.40020647644996645,"z":-0.08605646342039108,"w":-0.8874130845069885},"size":28.283666610717775,"orthographic":true}