{"cameraMode":{"drawMode":0,"name":"Shaded","section":"Shading Mode"},"sceneLighting":false,"audioPlay":false,"sceneViewState":{"m_AlwaysRefresh":false,"showFog":true,"showSkybox":false,"showFlares":true,"showImageEffects":true,"showParticleSystems":true,"showVisualEffectGraphs":true,"m_FxEnabled":true},"in2DMode":false,"pivot":{"x":1.4901161193847657e-8,"y":0.2805370092391968,"z":-1.4901161193847657e-8},"rotation":{"x":-0.36072805523872378,"y":0.45955461263656618,"z":-0.2115112841129303,"w":-0.7835874557495117},"size":0.39673924446105959,"orthographic":true}