{"cameraMode":{"drawMode":0,"name":"Shaded","section":"Shading Mode"},"sceneLighting":false,"audioPlay":false,"sceneViewState":{"m_AlwaysRefresh":false,"showFog":true,"showSkybox":false,"showFlares":true,"showImageEffects":true,"showParticleSystems":true,"showVisualEffectGraphs":true,"m_FxEnabled":true},"in2DMode":false,"pivot":{"x":81.10324096679688,"y":0.38271456956863406,"z":4.691076755523682},"rotation":{"x":-0.45782196521759035,"y":0.10834898054599762,"z":-0.056286413222551349,"w":-0.8806532025337219},"size":0.9792917370796204,"orthographic":true}