{"cameraMode":{"drawMode":0,"name":"Shaded","section":"Shading Mode"},"sceneLighting":false,"audioPlay":false,"sceneViewState":{"m_AlwaysRefresh":false,"showFog":true,"showSkybox":false,"showFlares":true,"showImageEffects":true,"showParticleSystems":true,"showVisualEffectGraphs":true,"m_FxEnabled":true},"in2DMode":false,"pivot":{"x":-0.04054495692253113,"y":0.12860380113124848,"z":-0.01594102382659912},"rotation":{"x":0.261740118265152,"y":-0.12210819125175476,"z":0.033295780420303348,"w":0.9568424820899963},"size":0.557670533657074,"orthographic":true}